,training_error,error_variance,edge_variance,real_error
0,0.12247781779397485,0.5083035350776968,1.1220089781224012,0.75
