,training_error,error_variance,edge_variance,real_error
0,0.002336584137040125,0.052820211399161744,1.0891841198424617,0.4666666666666667
