,training_error,error_variance,edge_variance,real_error
0,0.1543329384798773,0.6098297374286396,1.101976815189205,0.55
