,training_error,error_variance,edge_variance,real_error
0,0.050726255296642,0.3621635415846788,1.1205392119878779,0.55
