,training_error,error_variance,edge_variance,real_error
0,0.001122835642363918,0.01871881310647081,1.104295368677793,0.43333333333333335
