,avs,sigmas,evars,rerrs
0,0.06560984516478108,0.1803613560411492,0.2002447395070421,0.03225806451612903
1,0.0905101173365636,0.22786884168425162,0.1705954296088201,0.0967741935483871
