,training_error,error_variance,edge_variance,real_error
0,4.946132698990209e-07,1.0600119685768912e-05,1.0812385654760714,0.7666666666666667
