,training_error,error_variance,edge_variance,real_error
0,6.675150232321741e-07,1.3492275088234607e-05,1.086421904864605,0.7333333333333333
