,training_error,error_variance,edge_variance,real_error
0,0.08216712678430918,0.1693629140101433,26505.74503727938,0.07780979827089338
