,training_error,error_variance,edge_variance,real_error
0,0.07245390642531356,0.3185193594597083,1.1068345549397036,0.1
