,training_error,error_variance,edge_variance,real_error
0,0.058096555270090285,0.4061820483849412,1.1132828440490206,0.4
