,training_error,error_variance,edge_variance,real_error
0,0.048288854041815994,0.3280578962503887,1.0744665389475696,0.15
