,training_error,error_variance,edge_variance,real_error
0,0.26936560128072384,0.33223282875528615,2.2786832540906343,0.0
