,training_error,error_variance,edge_variance,real_error
0,0.024060610968818827,0.06116548387431508,0.906787184212352,0.06
