,avs,sigmas,evars,rerrs
0,0.1548820401467406,0.17878571323092282,44644.50084773157,0.06051873198847262
1,0.16085004529521488,0.1804104125935165,44189.92544349822,0.069164265129683
