,training_error,error_variance,edge_variance,real_error
0,0.08888365717118267,0.20509053221501206,0.2003199508834762,0.07692307692307693
