,avs,sigmas,evars,rerrs
0,0.09631486309983248,0.1874870960876329,0.8326666724279049,0.044
