,avs,sigmas,evars,rerrs
0,0.028722031025157482,0.07114356098632195,0.788980830372847,0.046
1,0.02584857878445713,0.06594959568041103,0.7822650384871985,0.058
