,training_error,error_variance,edge_variance,real_error
0,0.14345623850892109,0.5887379431638735,1.1196644337007344,0.75
