,training_error,error_variance,edge_variance,real_error
0,0.0017364338089250076,0.022098219032955654,0.06056972993988377,0.0
