,training_error,error_variance,edge_variance,real_error
0,0.2883186438348666,0.3348503990096765,128.22599511115308,0.2631578947368421
