,training_error,error_variance,edge_variance,real_error
0,0.029879685927357277,0.22441682373281963,1.0817525288075576,0.35
