,training_error,error_variance,edge_variance,real_error
0,0.2663258586860586,0.29586252273448194,0.4872765065422774,0.13
