,training_error,error_variance,edge_variance,real_error
0,0.4103343303085934,0.39481629895953213,2.2864806870720273,0.236
