,training_error,error_variance,edge_variance,real_error
0,0.006499772329902489,0.08622893318693384,1.1035725805523118,0.28
