,training_error,error_variance,edge_variance,real_error
0,0.020273276430522697,0.2403600188131519,1.0782322240443027,0.05
