,training_error,error_variance,edge_variance,real_error
0,0.09197650531342644,0.6017492330876725,1.0865678997585766,0.6
