,training_error,error_variance,edge_variance,real_error
0,0.010660076697400194,0.1188591584904787,1.066538510802246,0.15
