,training_error,error_variance,edge_variance,real_error
0,0.0007228385959204529,0.01943957152322339,1.1075975339574184,0.4666666666666667
