,avs,sigmas,evars,rerrs
0,0.10346813642454432,0.21454476402872005,1.413487097085428,0
1,0.10492933385356505,0.2115743591548714,1.394227405426178,0
