,avs,sigmas,evars,rerrs
0,0.16910385226165917,0.28403453394594874,0.046844582538184604,0.18
