,avs,sigmas,evars,rerrs
0,0.18643072009476147,0.26673808048778397,0.05457297128897679,0.04
