,avs,sigmas,evars,rerrs
0,0.20259560972957186,0.2660434580676884,0.058175297384022155,0.18
