,avs,sigmas,evars,rerrs
0,0.17447725754748966,0.28335215074221604,0.049960306293833336,0.26
