,avs,sigmas,evars,rerrs
0,0.1874903562377506,0.2671460070933647,0.060821319002063126,0.16
