,avs,sigmas,evars,rerrs
0,0.2564019163686861,0.23580539013414648,0.20024244547054296,0
1,0.253462704874799,0.23633641353852208,0.177994662329192,0
