,training_error,error_variance,edge_variance,real_error
0,0.0038064164918935246,0.05162936436319339,1.100422633265324,0.04
