,training_error,error_variance,edge_variance,real_error
0,0.02130012069811419,0.4171229658170404,1.046835473602258,0.35
